name,department_name,semester,sessions_per_week,is_lab,is_elective,elective_band_name
Data Structures,Computer Science & Engineering,3,3,False,False,
Algorithms,Computer Science & Engineering,3,3,False,False,
Database Systems,Computer Science & Engineering,3,3,False,False,
Computer Networks,Computer Science & Engineering,3,3,False,False,
Operating Systems,Computer Science & Engineering,3,3,False,False,
Data Structures Lab,Computer Science & Engineering,3,2,True,False,
Networks & Systems Lab,Computer Science & Engineering,3,2,True,False,
Artificial Intelligence & ML,Computer Science & Engineering,3,3,False,True,Emerging Technologies Band A (NEP 2020)
Theory of Computation,Computer Science & Engineering,5,3,False,False,
Compiler Design,Computer Science & Engineering,5,3,False,False,
Software Engineering,Computer Science & Engineering,5,3,False,False,
Computer Architecture,Computer Science & Engineering,5,3,False,False,
Compilers & Architecture Lab,Computer Science & Engineering,5,2,True,False,
Signals & Systems,Electronics & Communication,3,3,False,False,
Analog Electronic Circuits,Electronics & Communication,3,3,False,False,
Digital Electronics,Electronics & Communication,3,3,False,False,
Semiconductor Devices,Electronics & Communication,3,3,False,False,
Analog & Digital Circuits Lab,Electronics & Communication,3,2,True,False,
Robotics & Autonomous Systems,Electronics & Communication,3,3,False,True,Emerging Technologies Band A (NEP 2020)
Digital Signal Processing,Electronics & Communication,5,3,False,False,
Electromagnetic Theory,Electronics & Communication,5,3,False,False,
Wireless Communications,Electronics & Communication,5,3,False,False,
DSP Simulation Lab,Electronics & Communication,5,2,True,False,
Fluid Mechanics,Mechanical Engineering,3,3,False,False,
Kinematics of Machinery,Mechanical Engineering,3,3,False,False,
Manufacturing Processes,Mechanical Engineering,3,3,False,False,
Mechanics of Solids,Mechanical Engineering,3,3,False,False,
Mechanical Workshop Practice,Mechanical Engineering,3,2,True,False,
Thermodynamics & Heat Transfer,Mechanical Engineering,5,3,False,False,
IC Engines & Gas Turbines,Mechanical Engineering,5,3,False,False,
Thermal Engineering Lab,Mechanical Engineering,5,2,True,False,
Web Technologies & Cloud,Information Technology & AI,3,3,False,False,
Distributed Systems,Information Technology & AI,3,3,False,False,
Web & Cloud Applications Lab,Information Technology & AI,3,2,True,False,
Cybersecurity & Cyber Law,Information Technology & AI,3,3,False,True,Multidisciplinary Open Band B (NEP 2020)
Cloud Computing & Virtualization,Information Technology & AI,5,3,False,False,
Information Security & Cryptography,Information Technology & AI,5,3,False,False,
Big Data Analytics,Information Technology & AI,5,3,False,False,
Cloud & Big Data Lab,Information Technology & AI,5,2,True,False,
